"排名","代號","名稱","成交","財報季度","營收(億)","營收成長(%)","毛利(億)","毛利成長(%)","淨利(億)","淨利成長(%)","毛利(%)","毛率增減","淨利(%)","淨率增減","EPS(元) ▼","EPS增減(元)","單季ROE(%)","單季ROE增減","年估ROE(%)","單季ROA(%)","單季ROA增減","年估ROA(%)","財報評分"
"1",="3008","大立光","2440","24Q2","110","-2.9","53.2","-4.44","45","-26.4","48.4","-0.78","40.9","-13.1","33.7","-12.09","2.63","-1.03","10.5","2.19","-0.85","8.78","83"
"2",="6669","緯穎","1895","24Q2","775","+11.3","83.9","+8.88","46.9","-0.29","10.8","-0.24","6.06","-0.7","26.85","-0.07","9.91","-0.46","39.7","3.89","-0.81","15.6","51"
"3",="4763","材料-KY","849","24Q2","32","-11.6","19.6","-19.4","17.5","-16.6","61.3","-5.94","55.8","-2.65","20.41","-4.07","13.4","-4.99","53.7","11.7","-4.51","47","98"
"7",="3661","世芯-KY","1915","24Q2","136","+29.5","25.8","+30.7","15.9","+29","19","+0.17","11.7","+0.01","20.05","+4.22","4.71","-0.07","18.9","3.08","+0.14","12.3","53"
"4",="3533","嘉澤","1635","24Q2","73.7","+16.2","38.6","+18.4","22.4","+8.03","52.3","+0.99","30.7","-2.46","20","+1.43","6.97","+0.17","27.9","5.24","-0.06","21","85"
"5",="2454","聯發科","1300","24Q2","1,273","-4.64","621","-11.1","257","-18.5","48.8","-3.55","20.4","-3.33","16.19","-3.66","6.78","-1.67","27.1","3.91","-1.03","15.6","72"
"33",="2357","華碩","585","24Q2","1,449","+19.1","280","+43.5","118","+117","19.3","+3.29","8.64","+3.53","15.9","+8.57","4.4","+2.09","17.6","2.4","+1.13","9.61","40"
"19",="2059","川湖","1075","24Q2","25.2","+29.9","17.5","+45.2","14.6","+5.01","69.6","+7.33","57.9","-13.7","15.29","+0.74","8.13","+0.04","32.5","6.36","-0.13","25.4","89"
"10",="6409","旭隼","2150","24Q2","65.1","+41.5","20.3","+42.3","12.8","+79.9","31.2","+0.17","19.7","+4.21","14.7","+6.53","15","+7.03","60.2","7.1","+2.5","28.4","66"
"55",="2603","長榮","186","24Q2","1,063","+20","359","+89.3","295","+69.5","33.8","+12.4","28.7","+8.19","13.7","+5.56","5.95","+2.22","23.8","3.8","+1.39","15.2","79"
"21",="5274","信驊","4585","24Q2","13.6","+33.8","8.59","+34.1","5.08","+29.8","63.4","+0.12","37.4","-1.17","13.44","+3.08","13.6","+2.89","54.4","9.4","+1.19","37.6","89"
"16",="5269","祥碩","1565","24Q2","21.1","+8.12","11","-4.62","9.36","+5.64","52.2","-6.97","44.4","-1.04","13.18","+0.38","3.7","-0.87","14.8","3.26","-0.76","13","79"
"9",="2327","國巨","604","24Q2","314","+10.2","110","+14.6","54.5","+18.3","35.1","+1.34","17.5","+1.22","13.02","+2","3.86","+0.49","15.4","1.56","+0.19","6.26","62"
"44",="8299","群聯","482","24Q2","159","-3.82","55.4","-1.18","24.5","+1.3","34.9","+0.93","15.4","+0.78","11.97","-0.05","5.13","-0.29","20.5","3.2","-0.24","12.8","62"
"18",="6472","保瑞","726","24Q2","50.3","+75.9","19.5","+29.6","11.7","+63.6","38.8","-13.9","24.1","-1.88","11.61","+4.54","10.2","+3.78","40.7","3.28","+0.61","13.1","60"
"14",="1590","亞德客-KY","923","24Q2","84.3","+17","39.9","+17.5","22.6","+23.6","47.3","+0.21","26.8","+1.44","11.31","+2.16","5.27","+0.93","21.1","3.92","+0.78","15.7","79"
"11",="2207","和泰車","644","24Q2","711","-0.22","119","-16.5","58.7","-0.23","16.8","-3.28","9.53","-0.21","10.54","-0.02","6.65","-0.28","26.6","1.35","-0.07","5.38","40"
"15",="2330","台積電","1045","24Q2","6,735","+13.6","3,581","+13.9","2,478","+9.92","53.2","+0.1","36.8","-1.23","9.56","+0.86","6.62","+0.32","26.5","4.21","+0.23","16.8","89"
"362",="3211","順達","102.5","24Q2","39.5","+15.2","4.77","+25.8","13.6","+553","12.1","+1.02","34.3","+28.3","8.92","+7.55","15.4","+12.9","61.6","8.3","+7.01","33.2","66"
"20",="3406","玉晶光","471","24Q2","49.9","-4.75","18.3","-4.65","10","-8.08","36.8","+0.04","20.2","-0.61","8.87","-0.78","4.64","-0.52","18.6","2.34","-0.23","9.37","66"
"13",="3034","聯詠","511","24Q2","252","+3.29","104","+3.41","53.9","+10.1","41.1","+0.05","21.4","+1.32","8.86","+0.82","8.27","+1.25","33.1","4.85","+0.23","19.4","74"
"597",="6180","橘子","77.8","24Q2","24.3","-27.2","8.42","-41.3","15.4","+282","34.7","-8.36","63.7","+51.6","8.8","+6.49","23.2","+16.4","92.7","14.2","+10.3","56.6","72"
"49",="2379","瑞昱","483.5","24Q2","307","+19.7","156","+19.8","43.9","+40.2","50.9","+0.04","14.3","+2.09","8.55","+2.45","9.49","+2.53","38","4.04","+0.81","16.2","64"
"6",="3293","鈊象","1050","24Q2","45.8","+9.53","44","+8.66","22.8","+11.8","96.2","-0.77","49.7","+1","8.08","-6.37","22.1","+3.02","88.3","11.1","-0.43","44.5","77"
"40",="3592","瑞鼎","352","24Q2","64.5","+6.89","19.7","+9.96","5.91","+7.05","30.5","+0.85","9.17","+0.01","7.8","+0.52","5.44","+0.37","21.7","2.8","+0.03","11.2","62"
"77",="3324","雙鴻","732","24Q2","42.8","+35.9","12.2","+57.6","6.32","+59.7","28.4","+3.91","14.8","+1.98","7.24","+2.73","8.11","+2.57","32.5","4.52","+1.39","18.1","60"
"17",="6121","新普","361","24Q2","190","+8.07","26.1","+14.6","13.2","+24.4","13.7","+0.79","7.99","+0.78","7.11","+1.39","3.77","+0.59","15.1","2.01","+0.34","8.04","49"
"23",="4966","譜瑞-KY","736","24Q2","39.1","+2.52","16.6","+1.52","5.69","-0.71","42.4","-0.42","14.5","-0.47","7.11","-0.1","2.6","-0.18","10.4","2.26","-0.14","9.03","64"
"60",="2383","台光電","416","24Q2","154","+19.7","42.4","+13.3","24.4","+23.1","27.4","-1.56","15.8","+0.43","7.08","+1.32","8.91","+1.42","35.7","3.91","+0.4","15.6","57"
"32",="3131","弘塑","1850","24Q2","9.62","+7.08","4.17","+7.51","2.05","+19.5","43.4","+0.17","21.4","+2.24","7.04","+1.05","5.11","+0.56","20.5","2.35","+0.21","9.39","68"
"26",="3693","營邦","315.5","24Q2","21.2","+42.7","6.36","+35.5","2.7","+26.6","30","-1.59","12.7","-1.62","7","+1.47","8.98","+1.73","35.9","4.13","+0.89","16.5","57"
"22",="3443","創意","1195","24Q2","67.2","+18.1","20.5","+21.6","9.07","+36.9","30.5","+0.87","13.5","+1.86","6.78","+1.84","9.18","+2.57","36.7","4.31","+1.24","17.2","61"
"30",="2247","汎德永業","286.5","24Q2","157","+16.9","17.4","+19.7","5.47","+29.8","11.1","+0.25","3.48","+0.34","6.78","+1.56","4.54","+1.11","18.2","2.39","+0.51","9.56","51"
"57",="3617","碩天","295","24Q2","32.6","+27.2","16.5","+27.5","6.18","+23.7","50.5","+0.11","19.1","-0.63","6.77","+1.28","8.21","+1.24","32.8","4.58","+0.72","18.3","68"
"35",="3413","京鼎","366","24Q2","37.2","+12","9.92","+18.7","6.96","+27.6","26.7","+1.51","18.7","+2.29","6.75","+1.23","5.59","+0.96","22.4","3.36","+0.6","13.4","66"
"70",="5536","聖暉*","333","24Q2","76.6","+39.9","17.9","+57.3","8.17","+90.9","23.4","+2.59","12.6","+1.9","6.58","+3.13","7.08","+2.57","28.3","3.37","+1.25","13.5","60"
"85",="6515","穎崴","1210","24Q2","12.6","+17","5.39","+16","2.24","+12.2","43","-0.39","17.8","-0.76","6.52","+0.71","6.25","+0.41","25","3.72","-0.19","14.9","66"
"24",="2404","漢唐","334","24Q2","114","-7.2","15.3","-0.49","11.9","-6.36","13.4","+0.91","10.5","+0.09","6.36","-0.43","11.5","+0.05","46.2","2.35","-0.3","9.41","57"
"38",="3529","力旺","3150","24Q2","8.93","+11.2","8.93","+11.2","4.75","+10.3","100","0","53","+0.28","6.36","+0.59","15.4","+2.49","61.7","10.3","-0.23","41.2","89"
"42",="1476","儒鴻","563","24Q2","95.9","+25.7","30.2","+34.6","17.3","+21.6","31.5","+2.08","18.1","-0.6","6.32","+1.13","7.07","+1.29","28.3","5.31","+0.99","21.3","68"
"74",="3665","貿聯-KY","456","24Q2","130","+4.49","36.5","+11.5","10","+72.6","28.1","+1.77","7.7","+3.04","6.13","+2.57","3.97","+1.6","15.9","1.73","+0.69","6.92","53"
"29",="6491","晶碩","416","24Q2","16.4","-5.03","9.51","-4.46","4.75","-6.9","58.1","+0.35","29.4","-0.49","6.09","-0.45","4.83","-0.4","19.3","3.36","-0.34","13.4","74"
"43",="8464","億豐","503","24Q2","74.1","+17.4","43.2","+26.6","17.7","+23.8","58.3","+4.24","24.5","+1.61","6.04","+1.16","7.71","+1.58","30.9","5.12","+0.83","20.5","79"
"8",="6488","環球晶","445","24Q2","153","+1.58","49.5","-4.18","28.8","-18.5","32.3","-1.94","18.8","-4.64","6.02","-2.08","3.55","-1.57","14.2","1.32","-0.49","5.26","64"
"56",="3653","健策","1505","24Q2","34","+18.7","13.2","+31.2","8.52","+19.8","38.8","+3.69","25.1","+1.04","6.02","+0.96","6.95","+1.23","27.8","4.83","+0.63","19.3","72"
"27",="8478","東哥遊艇","287","24Q2","17.1","-6.1","8.35","+2.35","5.21","-2.5","48.9","+4.03","30.5","+1.13","5.93","-0.15","8.1","-0.45","32.4","3.95","-0.55","15.8","77"
"79",="6223","旺矽","785","24Q2","23.9","+16.9","13","+26.7","5.43","+37.8","54.3","+4.2","22.7","+3.48","5.76","+1.58","6.62","+1.65","26.5","4.13","+0.99","16.5","70"
"147",="1436","華友聯","137","24Q2","20.2","+9967","9.69","+8438","6.44","+1883","47.9","-8.58","31.8","+218","5.74","+6.1","17.2","+18.3","68.9","3.75","+3.99","15","64"
"25",="5904","寶雅","523","24Q2","56.3","-4.19","24.7","-5.04","5.89","-16","43.9","-0.39","10.5","-1.48","5.61","-1.17","11.2","-1.33","45","2.23","-0.49","8.91","59"
"37",="4766","南寶","305","24Q2","57.8","+15.9","18.1","+9.64","6.72","-4.8","31.4","-1.79","12","-2.66","5.58","-0.28","4.9","-0.29","19.6","2.7","-0.3","10.8","60"
"46",="6670","復盛應用","285.5","24Q2","61.4","-3.57","15.6","-6.16","7.45","-20","25.5","-0.7","12.9","-2.44","5.57","-1.44","5.91","-1.56","23.6","3.75","-1.07","15","66"
"66",="5434","崇越","296","24Q2","138","+15.6","19.3","+14.8","10.2","+31.7","14","-0.1","7.43","+0.9","5.41","+1.3","6.8","+1.58","27.2","2.97","+0.58","11.9","47"
"1845",="8420","明揚","41.9","24Q2","2.74","+289","0.17","+131","2.9","+650","6.11","+82.5","106","+180","5.24","+6.19","37.8","+46","151","17.3","+20.2","69.3","57"
"28",="6781","AES-KY","532","24Q2","21.7","-5.75","8.62","-3.18","4.46","-3.62","39.6","+1.05","20.5","+0.45","5.22","-0.19","3.29","-0.18","13.1","2.17","-0.16","8.68","62"
"62",="1795","美時","253","24Q2","47.4","+13","28.8","+25","13.3","+28.5","60.7","+5.83","28.1","+3.39","5.09","+1.13","7.47","+1.46","29.9","3.86","+0.78","15.5","72"
"78",="3017","奇鋐","629","24Q2","165","+7.68","37.9","+12.5","19.5","+24.5","23","+0.99","13.1","+1.67","5.08","+1","8.14","+1.28","32.5","2.83","+0.44","11.3","62"
"87",="2474","可成","237.5","24Q2","46.7","+27.7","15.9","+56","34.4","-24.9","34","+6.17","73.5","-51.5","5.05","-1.68","2.06","-0.76","8.23","1.32","-0.47","5.29","64"
"34",="4770","上品","336","24Q2","15.9","+7.4","6.6","-1.24","4","-18.3","41.5","-3.63","25.2","-7.92","5.01","-1.13","5.52","-1.25","22.1","4","-0.82","16","75"
"45",="1264","德麥","315.5","24Q2","15.8","+1.61","5.11","+1.25","1.83","-2.64","32.3","-0.11","13.4","-0.33","4.94","-0.14","5.75","+0.03","23","4.3","-0.14","17.2","66"
"88",="4961","天鈺","272.5","24Q2","50.2","+34.9","15.4","+38.5","5.94","+54.6","30.7","+0.79","14.6","+2.54","4.91","+1.74","3.44","+1.34","13.7","2.77","+1","11.1","62"
"76",="6605","帝寶","251.5","24Q2","51","+5.08","17.3","-0.25","8.13","-8.3","34","-1.82","16","-2.3","4.9","-0.44","4.46","-0.48","17.8","2.47","-0.28","9.88","57"
"1749",="3230","錦明","53.6","24Q2","1.18","+12.5","0.04","+204","3.47","+2001","3.64","+2.3","294","+312","4.88","+5.14","45.5","+48.6","182","25.9","+27.3","104","68"
"39",="3611","鼎翰","219.5","24Q2","20.7","+10.3","6.92","+17","2.28","+43","33.4","+1.91","11","+2.52","4.85","+1.46","4.31","+1.38","17.2","2.48","+0.71","9.94","55"
"100",="5508","永信建","219","24Q2","29.3","-4.62","14.2","-2.69","10.4","-2.61","48.5","+0.96","35.4","+0.73","4.78","-0.12","16.6","+0.02","66.3","6.29","-0.14","25.2","70"
"270",="6526","達發","638","24Q2","49","+28","25.9","+28.6","8.01","+95.4","52.8","+0.23","16.3","+5.63","4.78","+2.32","4.81","+2.3","19.3","3.61","+1.62","14.5","66"
"288",="6890","來億-KY","357","24Q2","97.7","+25.7","20.5","+38.4","10.7","+45.5","21","+1.93","11.8","+1.5","4.72","+1.36","5.34","+1.2","21.4","3.91","+0.99","15.6","62"
"1827",="8089","康全電訊","94.1","24Q2","13.8","+388","4.54","+10778","2.74","+301","32.8","+34.3","19.8","+67.9","4.67","+6.99","30.1","+46.8","120","9.18","+15.7","36.7","60"
"231",="2376","技嘉","266","24Q2","739","+34","79.8","+28","29.6","+46.3","10.8","-0.5","4.43","+0.68","4.66","+1.48","8.23","+2.92","32.9","3.02","+0.87","12.1","47"
"61",="2345","智邦","537","24Q2","244","+29.5","51.8","+31.8","25.8","+15","21.2","+0.37","10.6","-1.33","4.62","+0.6","9.03","+0.94","36.1","3.89","+0.2","15.6","57"
"95",="6139","亞翔","221","24Q2","188","-1.93","20.4","+9.81","10.7","+15.2","10.8","+1.16","7.21","+1.08","4.61","+0.51","7.67","+0.66","30.7","2.46","+0.31","9.85","55"
"59",="6803","崑鼎","285.5","24Q2","21","+7.79","4.57","+3.61","3.31","+11.2","21.8","-0.88","18","-0.72","4.6","+0.45","5.98","+0.39","23.9","2.77","+0.05","11.1","60"
"369",="2031","新光鋼","57.5","24Q2","36.7","+5.88","2.89","-19.6","14.5","+96.3","7.87","-2.5","40.1","+18.1","4.53","+2.22","11.1","+4.91","44.3","4.87","+2.23","19.5","51"
"83",="3130","一零四","226","24Q2","6.52","+15.8","5.74","+18.2","1.49","+65.4","88.1","+1.75","22.9","+6.85","4.49","+1.77","9.33","+4.04","37.3","4.07","+1.51","16.3","75"
"63",="5288","豐祥-KY","215","24Q2","19","+7.05","4.24","+10.3","2.98","+14.5","22.3","+0.66","15.6","+1.02","4.46","+0.55","5.74","+0.56","23","4.09","+0.35","16.4","68"
"65",="8016","矽創","230","24Q2","43.8","+5.49","15.4","+4.26","5.31","+22.5","35.1","-0.42","15.4","+0.28","4.43","+0.81","4.86","+0.4","19.5","3.29","+0.17","13.2","66"
"450",="2520","冠德","47.65","24Q2","103","+115","36.6","+140","23.8","+216","35.4","+3.67","24.2","+6.37","4.4","+3.01","10.4","+6.66","41.5","4.36","+2.87","17.5","68"
"31",="6763","綠界科技*","42.15","24Q2","3.77","-2.4","1.58","-2.45","0.8","-8.14","41.9","-0.02","20.4","-1.82","4.33","-0.39","2.8","-0.32","11.2","1.18","-0.13","4.73","57"
"36",="6691","洋基工程","305.5","24Q2","34.3","+24.6","6.95","+23.1","4.54","+25.7","20.3","-0.24","13.2","+0.12","4.33","+0.2","9.39","+2.31","37.6","3.52","+0.51","14.1","61"
"64",="4536","拓凱","212.5","24Q2","23.2","+22.2","8.23","+27.2","3.92","+0.39","35.5","+1.41","17.9","-3.66","4.33","+0.03","4.68","-0.01","18.7","2.93","-0.02","11.7","64"
"109",="3526","凡甲","272.5","24Q2","7.69","+30.7","4.04","+29.1","2.58","+42.3","52.5","-0.64","33.5","+2.75","4.33","+1.27","8.95","+2.51","35.8","4.47","+0.84","17.9","81"
"50",="8081","致新","228","24Q2","20.6","+6.2","8.27","+4.51","3.67","-2.95","40.2","-0.65","18.4","-1.76","4.28","-0.13","4.94","+0.01","19.8","3.39","-0.27","13.6","64"
"54",="2727","王品","230.5","24Q2","53.6","-5.17","25.6","-4.47","3.5","+12.7","47.7","+0.35","6.65","+1.39","4.24","+0.47","8.77","+1.91","35.1","2.27","+0.38","9.06","64"
"1729",="2615","萬海","83","24Q2","382","+38.2","124","+260","116","+150","32.5","+20","30.3","+13.6","4.12","+2.47","5.18","+3","20.7","3.21","+1.85","12.8","81"
"98",="6664","群翊","287.5","24Q2","6.29","+6.11","3.14","+0.82","2.39","-11.6","50","-2.62","37.9","-7.59","4.09","-0.56","8.03","-1.32","32.1","3.21","-0.5","12.8","77"
"968",="2609","陽明","62.8","24Q2","526","+20.1","166","+64.5","139","+48.1","31.6","+8.53","26.6","+4.97","3.98","+1.29","4.73","+1.41","18.9","3.43","+1.06","13.7","79"
"89",="6683","雍智科技","350","24Q2","3.92","+2.92","1.84","-3.1","1.06","-11.2","46.9","-2.92","27.1","-4.32","3.92","-0.5","4.6","-0.65","18.4","3.85","-0.69","15.4","80"
"130",="2382","廣達","282","24Q2","3,100","+19.7","266","+21.2","151","+25.4","8.58","+0.11","4.93","+0.21","3.92","+0.79","8.27","+1.66","33.1","2.05","+0.34","8.21","43"
"82",="3023","信邦","291","24Q2","83.1","+3.35","21.3","+2.64","9.35","+2.62","25.6","-0.18","11.3","-0.06","3.9","+0.1","6.5","+0.22","26","3.25","+0.18","13","53"
"211",="6788","華景電","271.5","24Q2","5.36","+45.5","3.22","+56.5","1.35","+79.8","60.2","+4.25","25","+5.06","3.89","+1.72","8.64","+3.89","34.6","5.09","+2.13","20.3","80"
"106",="1580","新麥","147.5","24Q2","12.3","+30.6","5.51","+33.1","1.95","+42.2","44.8","+0.83","16.9","+1.32","3.88","+1.15","7.43","+2.26","29.7","4.94","+1.32","19.8","70"
"113",="6176","瑞儀","195","24Q2","119","+10.4","24.7","+16.9","18","-7.4","20.7","+1.15","15.1","-2.89","3.87","-0.31","5.07","-0.39","20.3","3","-0.21","12","62"
"434",="2739","寒舍","55.2","24Q2","11.5","-15.2","4.34","-20.4","3.52","+111","37.7","-2.46","30.6","+18.3","3.85","+2.03","22","+8.97","88","2.62","+1.39","10.5","70"
"94",="2308","台達電","380","24Q2","1,034","+13.3","353","+31","99.5","+72.6","34.1","+4.61","11.6","+3.92","3.83","+1.61","4.69","+1.9","18.8","2.48","+0.98","9.9","60"
"51",="1808","潤隆","48.65","24Q2","52.6","+290","25.1","+300","17.2","+411","47.6","+1.13","32.8","+7.71","3.82","+3.07","12.8","+10.2","51.3","3.7","+2.95","14.8","68"
"111",="3044","健鼎","192","24Q2","158","+3.36","36.4","+8.46","19.9","+8.12","23.1","+1.08","12.6","+0.55","3.78","+0.28","4.32","+0.24","17.3","2.41","+0.08","9.64","55"
"72",="2752","豆府","252","24Q2","8.57","-0.31","4.48","-2.15","0.99","-3.37","52.3","-0.98","11.7","-0.35","3.77","-0.13","9.97","+0.37","39.9","4.71","-0.03","18.8","72"
"159",="8210","勤誠","261.5","24Q2","36.1","+30.1","9.13","+32.6","4.53","+24.2","25.3","+0.47","12.7","-0.88","3.77","+0.74","7.41","+1.03","29.7","3.18","+0.46","12.7","55"
"139",="6805","富世達","846","24Q2","17.2","+0.47","3.98","-3.79","2.56","+14.5","23.1","-1.03","14.9","+1.82","3.74","+0.47","5.53","+0.6","22.1","2.65","+0.24","10.6","59"
"142",="8442","威宏-KY","109.5","24Q2","22.4","+23.6","5.21","+43.1","2.48","+40.3","23.3","+3.17","11.1","+1.32","3.71","+1.04","7.59","+1.98","30.4","3.85","+1.02","15.4","59"
"157",="6538","倉和","127.5","24Q2","6.97","+30.2","3.28","+26.9","1.38","+25.7","47","-1.22","19.8","-0.71","3.71","+0.76","7.25","+1.46","29","4.11","+0.48","16.4","68"
"41",="6414","樺漢","292","24Q2","363","+11","68.1","+3.43","5.07","-19.8","18.7","-1.37","3.36","-0.76","3.7","-0.97","2.34","-0.28","9.37","0.84","-0.15","3.37","43"
"105",="6811","宏碁資訊","246","24Q2","23.6","+8.55","3.08","+9.02","1.53","+6.66","13.1","+0.06","6.48","-0.11","3.68","+0.23","7.61","+0.57","30.4","2.58","+0.03","10.3","49"
"101",="5209","新鼎","175.5","24Q2","17.9","+5.99","1.59","+3.22","1.03","-2.93","8.89","-0.24","5.79","-0.53","3.65","-0.12","13.4","+0.23","53.6","2.16","-0.1","8.63","49"
"241",="2915","潤泰全","75.1","24Q2","6.42","-8.54","2.44","+11.2","38","-14.9","38","+6.75","600","-37.6","3.64","-0.64","3.63","-0.77","14.5","3.27","-0.6","13.1","64"
"403",="2881","富邦金","90.7","24Q2","848","-4.93","","","509","+67.4","","","59.9","+25.8","3.63","+1.29","5.46","+1.93","21.8","0.44","+0.17","1.74","76"
"119",="4583","台灣精銳","727","24Q2","7.49","+4.04","4.08","+5.02","2.9","-21.3","54.5","+0.51","38.7","-12.5","3.61","-0.98","3.03","-0.79","12.1","2.63","-0.68","10.5","89"
"58",="1477","聚陽","360","24Q2","76.9","-10.6","19.4","-17.2","8.59","-23.2","25.1","-2","11.5","-1.53","3.55","-1.08","6.46","-1.24","25.8","3.62","-0.82","14.5","57"
"68",="5871","中租-KY","152","24Q2","257","+2.9","171","+3.64","64.1","+10.2","66.5","+0.48","25.7","+1.69","3.55","-0.05","3.9","+0.32","15.6","0.68","+0.05","2.73","50"
"200",="5225","東科-KY","119.5","24Q2","30.7","+11.1","5.8","+33.3","2.66","+44","18.9","+3.14","8.66","+1.97","3.55","+1.03","9.15","+2.55","36.6","3.94","+1","15.8","51"
"132",="6728","上洋","124","24Q2","9.21","+44.6","3.49","+56.3","0.81","+124","37.9","+2.83","8.84","+3.13","3.54","+1.96","8.65","+4.85","34.6","2.77","+1.27","11.1","51"
"218",="8467","波力-KY","243","24Q2","6.73","+29.7","2.76","+32.1","1.78","+102","41.1","+0.76","26.4","+9.42","3.48","+1.76","7.82","+3.6","31.3","5.03","+2.45","20.1","81"
"73",="6703","軒郁","180.5","24Q2","9.95","+23.7","6.22","+18.4","0.96","+0.32","62.5","-2.83","9.62","-2.07","3.46","0","8.18","+0.55","32.7","3.87","-0.16","15.5","66"
"96",="5287","數字","186","24Q2","5.75","+9.62","4.04","+9.21","1.92","+12.7","70.2","-0.26","33.1","+0.88","3.44","+0.39","9.18","+0.79","36.7","4.86","+0.38","19.4","84"
"117",="6881","潤德","222","24Q2","4.58","+9.46","0.94","+14.5","0.49","+14.2","20.6","+0.9","10.6","+0.44","3.42","+0.26","7.67","-0.65","30.7","3.35","-0.15","13.4","59"
"136",="2428","興勤","172","24Q2","19.5","+24.9","8.05","+26.4","4.38","+31.4","41.3","+0.51","22.4","+1.32","3.42","+0.82","4.37","+0.99","17.5","2.89","+0.55","11.6","72"
"257",="8083","瑞穎","158","24Q2","4.5","+8.4","2.05","+15.8","1.2","+10.5","45.6","+2.9","26.7","+0.51","3.42","+0.32","10.3","+1.05","41.2","6.65","+0.54","26.6","70"
"131",="2597","潤弘","137","24Q2","67.8","+26.6","11.3","+32.4","6.31","+59.3","16.6","+0.73","9.85","+1.46","3.41","+1.27","7.93","+2.41","31.7","3.16","+1.07","12.7","51"
"128",="2385","群光","166","24Q2","247","+8","51","+10.7","24.7","+40.2","20.7","+0.5","11.7","+2.68","3.4","+0.98","6.37","+1.74","25.5","2.97","+0.74","11.9","57"
"340",="3227","原相","271.5","24Q2","20.4","+16.8","13","+30","4.87","+67.3","63.7","+6.46","23.8","+7.19","3.36","+1.34","4.83","+1.86","19.3","3.7","+1.37","14.8","72"
"112",="4728","雙美","256.5","24Q2","4.54","+6.09","3.76","+5.43","1.82","+3.42","82.9","-0.52","40.2","-1.04","3.35","+0.11","13","+1.4","52.1","7.73","-0.14","30.9","85"
"75",="6146","耕興","216","24Q2","11.5","+0.63","5.76","+3.92","3.4","+0.53","50","+1.58","31.4","+1.09","3.34","+0.02","6.24","+0.39","25","4.36","-0.07","17.5","81"
"150",="2360","致茂","382","24Q2","55.1","+24.8","32.7","+27.3","14.1","+47.3","59.2","+1.14","26.1","+3.95","3.34","+1.07","6.65","+2.16","26.6","4.07","+1.2","16.3","70"
"802",="5314","世紀","210","24Q2","1.21","-25.2","0.72","-17.3","0.49","-38.5","60","+5.77","40.3","-8.66","3.31","-2.07","16.2","-17.3","64.9","12.5","-13.8","49.9","96"
"107",="6561","是方","467.5","24Q2","8.97","+4.9","4.12","-2.59","2.57","+6.09","45.9","-3.53","28.5","+0.19","3.3","+0.19","8.08","+0.79","32.3","3.54","+0.14","14.2","77"
"122",="3587","閎康","276","24Q2","12.7","+5.22","4.63","+27.8","2.19","+57.5","36.5","+6.45","17.2","+5.72","3.3","+1.19","5.07","+1.87","20.3","2.84","+1","11.4","61"
"232",="1537","廣隆","150.5","24Q2","21.1","+21.3","4.78","+34.5","2.7","+29.4","22.6","+2.21","12.8","+0.8","3.29","+0.75","6.22","+1.38","24.9","4.41","+0.78","17.6","62"
"792",="2543","皇昌","97.7","24Q2","39.5","+69","13","+529","9.11","+890","32.9","+24","23.2","+18.6","3.29","+2.9","18.9","+15.7","75.5","5.98","+5.23","23.9","64"
"104",="3218","大學光","231.5","24Q2","10.4","-2.96","6.31","-4.55","2.78","-8.47","60.7","-1.01","26.4","-1.44","3.28","-0.31","8.74","-0.66","35","5.27","-0.41","21.1","85"
"724",="6442","光聖","422.5","24Q2","14.4","+74.5","7.66","+88.8","2.47","+108","53.2","+4.02","17.1","+2.7","3.27","+1.55","8.77","+3.82","35.1","5.6","+2.28","22.4","68"
"80",="2348","海悅","169.5","24Q2","16.6","-27.1","9.23","-18.9","5.4","-41.2","55.5","+5.6","34.8","-7.07","3.26","-4.67","6.2","-4.55","24.8","1.81","-1.3","7.26","68"
"91",="5289","宜鼎","270.5","24Q2","21.9","+0.65","7.59","+0.09","2.94","-16.5","34.7","-0.19","13.4","-2.81","3.26","-0.72","4.08","-0.74","16.3","2.94","-0.7","11.7","64"
"137",="2912","統一超","294","24Q2","828","+2.18","284","+3.31","33.6","+14","34.3","+0.37","4.77","+0.53","3.23","+0.4","8.09","+1.25","32.4","1.51","+0.18","6.02","62"
"886",="6187","萬潤","490","24Q2","12.7","+75.8","5.52","+47.7","2.72","+59","43.4","-8.28","21.4","-2.26","3.23","+1.16","7.55","+1.73","30.2","5.32","+1.69","21.3","77"
"305",="6585","鼎基","143.5","24Q2","8.65","+9.08","3.8","+19.2","2.25","+19.1","43.9","+3.73","26.1","+2.2","3.21","+0.49","6.54","+0.77","26.2","4.08","+0.55","16.3","79"
"69",="8454","富邦媒","387","24Q2","267","-0.82","24.3","-4.34","7.68","-15.5","9.11","-0.33","2.88","-0.5","3.2","-0.58","7.81","-0.68","31.3","2.66","-0.56","10.7","53"
"190",="8446","華研","115.5","24Q2","4.01","+55.8","2.18","+6.83","1.68","+13.8","54.4","-24.9","42","-15.4","3.19","+0.39","9.71","+1.19","38.8","5.5","+0.94","22","87"
"67",="2731","雄獅","129","24Q2","74.2","+24.8","10.3","+1.7","2.94","-9.56","13.9","-3.15","3.97","-1.46","3.15","-0.34","7.44","-0.66","29.8","2.59","-0.6","10.4","57"
"110",="3570","大塚","143","24Q2","5.47","+18.6","1.49","+0.94","0.54","+2.78","27.2","-4.76","9.82","-1.51","3.14","+0.08","6.27","+0.27","25.1","4.1","-0.06","16.4","60"
"237",="2368","金像電","187","24Q2","95.7","+5.59","30.3","+24.3","15.2","+24.9","31.6","+4.76","15.9","+2.46","3.12","+0.62","8.71","+1.44","34.8","4.16","+0.58","16.6","64"
"143",="1519","華城","601","24Q2","46.5","+52.9","16.8","+61.4","8.94","+49.6","36.2","+1.89","19.1","-0.4","3.11","+0.82","15.8","+5.31","63.2","4.9","+1.24","19.6","64"
"294",="6556","勝品","91.3","24Q2","4.8","+0.19","1.83","+7.1","0.89","+2.68","38.2","+2.47","19.9","+2.49","3.09","+0.08","6.71","+0.65","26.8","4.25","+0.34","17","68"
"342",="8114","振樺電","209","24Q2","31.9","+43.9","14.2","+46.9","2.41","+118","44.4","+0.93","13.4","+5.15","3.05","+1.59","6.53","+3.72","26.1","2.72","+1.51","10.9","60"
"295",="6863","永道-KY","291.5","24Q2","11.7","+29.8","4.04","+25.6","2.26","+19.3","34.6","-1.17","19.3","-1.7","3.04","+0.5","4.01","+0.51","16","3.12","+0.27","12.5","66"
"178",="9939","宏全","156","24Q2","75","+15.7","17.5","+18.1","8.69","+15.8","23.3","+0.47","12.2","+0.18","3.02","+0.41","5.49","+0.75","22","2.25","+0.25","9.01","55"
"86",="5278","尚凡","255","24Q2","5","+10.7","2.82","+30.2","0.67","+824","56.3","+8.44","13.4","+11.8","3.01","+2.68","13","+11.5","51.8","3.13","+2.66","12.5","68"
"169",="2233","宇隆","156","24Q2","9.4","+8.59","3.57","+17.1","1.81","+21.1","38","+2.77","19.2","+1.85","3.01","+0.53","4.77","+0.73","19.1","3.19","+0.38","12.7","57"
"123",="4771","望隼","215","24Q2","7.3","-4.98","2.84","-8.41","1.73","-5.51","39","-1.46","26.4","+0.84","3","-0.42","5.54","-1.6","22.2","3.35","-0.58","13.4","73"
"134",="3680","家登","598","24Q2","17.6","+23.6","7.94","+27","2.83","+33.8","45.2","+1.21","16.9","+0.3","3","+0.76","3.13","+0.5","12.5","1.76","+0.32","7.04","64"
"52",="5483","中美晶","166","24Q2","199","+1.04","63.6","+2.64","16.5","-13.4","32","+0.5","17.8","-2.3","2.94","-0.46","3.64","-1.02","14.6","1.38","-0.32","5.52","64"
"175",="9921","巨大","190","24Q2","212","+31.8","46.9","+44.9","11.5","+122","22.2","+2.01","5.82","+2.2","2.94","+1.61","3.31","+1.73","13.2","1.49","+0.81","5.98","47"
"179",="6278","台表科","108.5","24Q2","115","+5.25","16","+23.7","8.59","+26.1","13.9","+2.07","7.47","+1.21","2.94","+0.61","4.17","+0.74","16.7","1.7","+0.31","6.8","47"
"84",="6903","巨漢","142.5","24Q2","9.38","+15.8","2.97","+11.2","1.82","-5.9","31.7","-1.31","19.4","-4.48","2.93","-0.26","6.79","-1.71","27.2","4.79","-1.52","19.2","74"
"153",="6279","胡連","176","24Q2","19.9","+5.49","6.67","+5.06","2.9","-12.4","33.4","-0.13","14.6","-2.91","2.91","-0.41","4.51","-0.72","18","2.35","-0.46","9.38","49"
"209",="3213","茂訊","94.3","24Q2","7.27","-4.03","2.46","-5.55","1.7","+8.98","33.8","-0.54","23.5","+2.38","2.9","+0.24","6.31","+0.38","25.2","4.48","+0.11","17.9","66"
"281",="8941","關中","68.6","24Q2","8.71","+33.7","2.61","+40.8","0.88","+565","29.9","+1.52","9.94","+8.34","2.89","+2.46","8.38","+7.33","33.5","4.22","+3.73","16.9","60"
"124",="2636","台驊控股","85.6","24Q2","68.4","+46.8","9.74","+17.6","3.89","+51.1","14.2","-3.53","6","-0.2","2.84","+0.96","4.3","+1.09","17.2","2.19","+0.49","8.75","45"
"214",="3679","新至陞","134.5","24Q2","9.79","+6.38","2.76","-5.7","1.78","-34.3","28.2","-3.61","18.2","-11.3","2.84","-1.49","3.81","-2.05","15.2","2.06","-1.1","8.23","57"
"196",="3583","辛耘","488","24Q2","23.7","+5.71","6.63","+8.56","2.27","+8.02","28","+0.74","9.55","+0.2","2.82","+0.21","5.25","+0.03","21","1.08","0","4.31","51"
"126",="4736","泰博","156.5","24Q2","11.6","+7.88","4.97","+18.3","2.68","-33.6","42.8","+3.78","24","-14.5","2.81","-1.43","3","-1.39","12","2.31","-1.18","9.24","70"
"1818",="1441","大東","15.95","24Q2","4.36","+92.7","-0.74","-1212","1.94","+719","-16.9","-19.8","44","+58.9","2.8","+3.29","38.6","+47.8","154","9.16","+10.9","36.6","51"
"611",="3491","昇達科","306.5","24Q2","6.48","+49.4","3.59","+83","1.78","+130","55.4","+10.2","30.2","+9.89","2.79","+1.56","7.84","+4.22","31.4","5.02","+2.5","20.1","85"
"213",="5283","禾聯碩","103","24Q2","19.1","+69.9","6.56","+106","2.01","+704","34.4","+5.97","10.5","+13.5","2.76","+3.22","5.08","+5.91","20.3","2.74","+3.23","10.9","53"
"206",="2745","五福","87.6","24Q2","20.3","+12.8","2.55","+6.81","0.93","-11.6","12.6","-0.7","4.58","-1.26","2.75","-0.36","12.3","-2.39","49.2","3.92","-1.59","15.7","49"
"152",="8433","弘帆","89","24Q2","9.81","+34.7","2.65","+42","1.46","+4.82","26.9","+1.39","14.9","-4.16","2.74","+0.13","6.11","+0.17","24.5","3.03","+0.04","12.1","60"
"102",="1256","鮮活果汁-KY","149.5","24Q2","12","+37.5","3.03","+42.8","0.92","+103","25.3","+0.95","7.71","+1.66","2.72","+1.38","2.4","+1.19","9.59","1.99","+0.92","7.95","57"
"198",="3483","力致","160.5","24Q2","21.8","+13.8","4.66","+32.5","2.26","+70.3","21.4","+3.02","10.4","+3.44","2.72","+1.11","5.39","+2.04","21.6","2.6","+1.06","10.4","55"
"366",="4571","鈞興-KY","157","24Q2","7.44","-3.38","2.26","-3.43","1.39","+20.3","30.4","-0.01","18.7","+3.69","2.69","+0.46","5.2","+0.82","20.8","3.76","+0.5","15","68"
"90",="4137","麗豐-KY","141.5","24Q2","10.2","+1.98","8.28","-0.84","2.16","+199","81.4","-2.31","21.2","+14","2.68","+1.77","4.07","+2.7","16.3","2.32","+1.52","9.29","70"
"120",="1565","精華","203.5","24Q2","9.96","-9.4","2.39","-9.45","1.34","-29.2","24","-0.01","13.5","-3.78","2.67","-1.1","2.23","-0.91","8.9","1.72","-0.73","6.87","62"
"116",="3596","智易","148.5","24Q2","122","-3.03","18.2","-1.98","5.86","-5.8","15","+0.16","4.8","-0.14","2.66","-0.16","4.06","-0.22","16.2","1.39","-0.14","5.55","43"
"160",="4557","永新-KY","131.5","24Q2","9.12","+19.5","2.74","+27.6","1.11","+54.2","30","+1.9","12.8","+3.37","2.65","+0.93","5.01","+1.88","20","2.7","+0.97","10.8","55"
"227",="1232","大統益","147.5","24Q2","53.4","-5.12","8.04","+36.3","4.25","+50.6","15.1","+4.57","8.23","+2.99","2.65","+0.89","7.95","+2.78","31.8","5.03","+1.45","20.1","57"
"365",="6197","佳必琪","151.5","24Q2","17.5","+18.6","6.21","+27.3","3.23","+36.1","35.4","+2.42","19.5","+2.13","2.65","+0.71","9.53","+2.03","38.1","5.51","+0.92","22","68"
"99",="6643","M31","876","24Q2","4.29","+25.5","4.29","+25.5","1.1","+160","100","0","25.6","+13.2","2.64","+1.42","5.82","+3.65","23.3","4.61","+2.81","18.4","77"
"135",="8416","實威","154","24Q2","3.36","-14","1.72","-2.65","0.74","+18.1","51.3","+5.98","22.1","+6.02","2.64","+0.41","5.26","+0.94","21","3.99","+0.57","16","79"
"246",="5478","智冠","130.5","24Q2","16.5","-4.18","9.25","-1.58","3.94","+53.9","56","+1.48","25.6","+8.01","2.64","+0.81","4.07","+0.77","16.3","2.02","+0.44","8.09","66"
"228",="2458","義隆","144.5","24Q2","31.5","+1.47","15.3","+2.79","7.38","+8.17","48.6","+0.63","22.8","+1.95","2.58","+0.18","7.5","+0.46","30","4.74","+0.28","19","77"
"364",="3260","威剛","87.9","24Q2","100","-7.64","25","-13.3","7.55","-28.8","24.8","-1.61","7.67","-2.06","2.58","-1.04","4.6","-1.93","18.4","1.55","-0.68","6.18","40"
"154",="2850","新產","97.7","24Q2","50.6","-3.65","19.5","-3.62","8.08","-8.13","38.5","+0.01","16","-0.78","2.56","-0.22","4.45","-0.44","17.8","1.56","-0.28","6.23","67"
"219",="4580","捷流閥業","95.6","24Q2","6.12","+8.9","2.48","+20.1","1.1","-0.85","40.5","+3.78","18","-1.77","2.55","-0.02","4.72","-0.07","18.9","2.94","-0.15","11.8","66"
"432",="6581","鋼聯","114","24Q2","7.03","+50.3","4.06","+81.7","2.84","+118","57.8","+9.97","40.4","+12.6","2.55","+1.38","7.28","+3.97","29.1","6.19","+3.36","24.8","86"
"631",="6274","台燿","177.5","24Q2","57","+28.7","13.6","+34.7","6.94","+53.5","23.9","+1.06","12.2","+1.97","2.55","+0.89","5.9","+1.94","23.6","3.22","+0.93","12.9","55"
"176",="6690","安碁資訊","214","24Q2","5.3","+17.3","2.14","+17","0.56","+25.5","40.3","-0.1","10.6","+0.69","2.54","+0.51","4.47","+0.93","17.9","1.94","+0.15","7.75","50"
"133",="2317","鴻海","200","24Q2","15,506","+17.1","995","+18.9","350","+59.2","6.42","+0.1","2.51","+0.63","2.53","+0.94","2.28","+0.81","9.13","1.01","+0.36","4.03","36"
"144",="3014","聯陽","139.5","24Q2","16.2","+6.91","9.19","+13.2","4.05","+2.53","56.8","+3.15","25","-1.07","2.51","+0.06","6.38","+0.41","25.5","4.63","-0.09","18.5","77"
"156",="8422","可寧衛","183","24Q2","14.5","+13.3","5.15","+23.2","2.74","+10.7","35.5","+2.85","18.3","-1.24","2.51","+0.25","4","+0.39","16","1.5","-0.06","5.99","60"
"166",="2377","微星","173.5","24Q2","467","-2","62.5","+3.45","21.1","-15.4","13.4","+0.71","4.52","-0.72","2.49","-0.46","4.26","-0.8","17","2.13","-0.55","8.53","40"
"419",="6629","泰金-KY","127.5","24Q2","3.56","-15.7","1.18","-23.7","0.89","-32.1","33.1","-3.5","25","-6.04","2.49","-1.17","7.67","-4.33","30.7","5.83","-3.03","23.3","81"
"174",="3548","兆利","173","24Q2","22.8","-3.95","4.19","+4.42","1.64","-0.67","18.4","+1.47","7.18","+0.24","2.48","-0.02","2.94","-0.09","11.7","1.52","-0.05","6.09","55"
"259",="3675","德微","275.5","24Q2","7.61","+39.6","2.39","+24.6","1.28","+33.5","31.4","-3.79","9.47","-9.43","2.48","+0.57","3","-2.92","12","1.67","-1.35","6.7","57"
"195",="3217","優群","147","24Q2","7.92","+16.1","3.95","+25.9","2.23","+11.4","49.9","+3.87","28.1","-1.18","2.47","+0.25","5.17","+0.6","20.7","4","+0.29","16","79"
"212",="5520","力泰","81","24Q2","10.6","+18.4","2.37","+33.6","1.48","+24.6","22.3","+2.54","14.7","+1.44","2.47","+0.49","6.27","+1.44","25.1","4.17","+0.97","16.7","62"
"250",="6138","茂達","203.5","24Q2","14.6","-3.55","5.34","+2.92","1.8","+5.66","36.6","+2.3","14.4","+1.01","2.47","+0.13","5.4","+0.21","21.6","3.38","+0.04","13.5","64"
"97",="2395","研華","317.5","24Q2","146","+5.51","59.3","+6.91","21.1","+6.04","40.5","+0.53","14.4","+0.22","2.46","+0.14","4.73","+0.45","18.9","2.94","+0.13","11.8","64"
"125",="6239","力成","133.5","24Q2","196","+6.86","37.3","+16.2","18.3","+5.28","19","+1.52","11.8","+0.32","2.45","+0.13","3.33","+0.33","13.3","2.14","+0.23","8.57","60"
"162",="6285","啟碁","114","24Q2","307","+20","38.7","+30.7","11.6","+55.3","12.6","+1.03","3.79","+0.86","2.45","+0.87","3.71","+1.33","14.9","1.58","+0.51","6.34","43"
"201",="1788","杏昌","138.5","24Q2","11","+13.7","2.96","+14.6","1.09","+13.5","26.9","+0.21","9.94","-0.02","2.45","+0.29","3.66","+0.49","14.6","2.22","+0.18","8.9","47"
"760",="2545","皇翔","59.4","24Q2","32.9","+35.3","13.9","+33.8","8.03","+34.1","42.4","-0.47","24.4","-0.21","2.45","+0.62","6.63","+1.55","26.5","1.5","+0.39","6.02","53"
"138",="6904","伯鑫","146.5","24Q2","2.34","+3.92","0.83","+7.14","0.45","-0.28","35.5","+1.07","19.3","-0.81","2.44","-0.01","4.49","-0.05","18","2.85","+0.01","11.4","64"
"215",="8436","大江","132","24Q2","19.8","+30.8","8.6","+35.4","2.71","+113","43.5","+1.49","15.6","+6.24","2.43","+1.32","3.25","+1.83","13","2.14","+1.16","8.57","68"
"252",="6679","鈺太","354","24Q2","5.81","+16.6","2.44","+23.7","1.3","-14.9","42","+2.4","22.4","-8.31","2.43","-0.43","2.54","-0.46","10.1","2.31","-0.45","9.26","68"
"472",="6754","匯僑設計","69.5","24Q2","13.7","+19.7","3.74","+67.7","1.6","+169","27.4","+7.83","11.7","+6.5","2.43","+1.53","7.69","+4.82","30.8","3.42","+2.14","13.7","62"
"267",="5493","三聯","91","24Q2","10.9","+4.21","1.54","+16.8","1.01","+231","14.1","+1.52","12.9","+6.4","2.42","+1.69","4.95","+2.47","19.8","2.75","+1.4","11","51"
"285",="6855","數泓科","152","24Q2","1.55","+1.46","0.77","+7.93","0.51","-19.3","49.8","+2.99","32.9","-8.48","2.42","-0.58","6.55","-1.78","26.2","4.15","-1.44","16.6","70"
"193",="6192","巨路","113","24Q2","18.3","+1.71","5.66","+0.71","2.32","-8.03","31","-0.31","12.7","-1.33","2.41","-0.21","3.62","-0.33","14.5","2.07","-0.2","8.29","53"
"103",="2729","瓦城","203","24Q2","15.1","-1.95","7.73","-0.87","0.93","+3.56","51.3","+0.56","6.07","+0.34","2.38","-0.14","3.59","+0.25","14.3","1.7","+0.03","6.79","53"
"413",="1442","名軒","65","24Q2","30.7","+60.8","12","+60.9","8.73","+66.6","39.2","+0.02","28.5","+0.98","2.38","+0.95","11.6","+4.59","46.5","5.25","+2.24","21","66"
"81",="6732","昇佳電子","293","24Q2","11.3","-11.6","2.58","-34.7","1.16","-46.1","23","-8.13","10.3","-6.61","2.37","-2.04","2.78","-2.22","11.1","1.97","-1.51","7.87","53"
"1068",="4746","台耀","91.8","24Q2","12.1","+7.09","5.23","-3.55","2.84","+396","43","-4.75","19.4","+28.1","2.36","+3.16","2.91","+4.12","11.7","1.76","+2.49","7.04","57"
"115",="9941","裕融","140","24Q2","105","+0.9","52.1","-3.76","13.4","+2.94","49.7","-2.41","12.9","+0.13","2.34","+0.07","3.37","+0.07","13.5","0.45","+0.01","1.8","49"
"194",="6263","普萊德","171","24Q2","4.98","+16.8","2.36","+21.6","1.46","+26","47.5","+1.84","29.4","+2.13","2.34","+0.48","9.06","+2.29","36.2","6.18","+1.06","24.7","83"
"370",="3289","宜特","176.5","24Q2","10.5","-1.52","2.93","-2.84","1.72","+29.3","27.9","-0.38","16.2","+5.01","2.33","+0.53","4.92","+1.37","19.7","2.2","+0.63","8.81","43"
"114",="2707","晶華","201.5","24Q2","13.9","-20.6","4.4","-34","2.95","-30.5","31.7","-6.44","20.4","-5.13","2.32","-1.01","6.91","-3.05","27.6","2.66","-1.51","10.6","64"
"375",="1582","信錦","98.5","24Q2","25.3","+18.1","7.76","+23.6","3.32","+35.9","30.6","+1.37","13.7","+1.91","2.32","+0.59","4.55","+1.13","18.2","2.75","+0.68","11","62"
"1229",="8938","明安","79.7","24Q2","31.4","-17","4.88","-25.3","3.19","-23.2","15.6","-1.72","14.6","+4.33","2.32","-0.7","6.56","+0.69","26.3","3.39","+0.51","13.6","57"
"458",="2637","慧洋-KY","71","24Q2","55.3","+17.8","21.5","+44.3","17.2","+15.5","38.8","+7.13","31","-0.63","2.3","+0.31","3.51","+0.33","14","1.85","+0.2","7.41","68"
"164",="3010","華立","124.5","24Q2","212","+22.6","15","+13.7","5.81","+34.4","7.1","-0.56","3.1","+0.22","2.29","+0.49","2.91","+0.55","11.6","1.28","+0.28","5.13","36"
"406",="6782","視陽","229.5","24Q2","9.05","+10.9","3.59","+1.43","1.44","-15.6","39.7","-3.71","16.4","-4.35","2.29","-0.41","4.78","-0.87","19.1","2.92","-0.57","11.7","64"
"678",="6768","志強-KY","98","24Q2","49.4","+23","10.4","+28.5","4.49","+32.1","21.1","+0.9","9.08","+0.63","2.29","+0.56","3.16","+0.73","12.6","2.11","+0.46","8.44","55"
"716",="1532","勤美","36.5","24Q2","67.3","+39.4","18.8","+49.1","8.74","+72.2","27.9","+1.81","15.5","+3.24","2.29","+0.95","5.8","+2.36","23.2","1.95","+0.85","7.78","49"
"165",="6531","愛普*","302.5","24Q2","9.45","+26.3","4.85","+40.8","3.7","+0.53","51.4","+5.29","39.2","-10.1","2.28","+0.01","3.42","+0.06","13.7","2.84","-0.07","11.4","83"
"188",="6412","群電","127.5","24Q2","89","+10.6","18.2","+8.69","9.12","+33.9","20.5","-0.36","10.2","+1.79","2.28","+0.58","7.05","+1.83","28.2","3.1","+0.8","12.4","49"
"610",="3356","奇偶","60.7","24Q2","2.88","-11.1","1.31","-17.9","2.05","-11.8","45.5","-3.79","71.7","-0.74","2.28","-0.31","9.66","-1.85","38.6","7.19","-1.77","28.7","81"
"203",="1475","業旺","58.3","24Q2","5.24","+24.3","1.57","+33.1","1.5","+30.2","29.9","+1.98","28.6","+1.28","2.27","+0.53","10.8","+2.08","43.2","7.45","+0.73","29.8","70"
"554",="6640","均華","932","24Q2","4.23","-39.2","1.66","-36.4","0.64","-53.9","39.3","+1.71","15.1","-4.92","2.27","-2.66","4.12","-6.07","16.5","1.95","-2.28","7.82","55"
"146",="5292","華懋","173.5","24Q2","4.54","-17.7","1.37","-2.24","0.86","+1.44","30.2","+4.76","19","+3.58","2.26","-0.19","6.03","+0.04","24.1","2.88","-0.11","11.5","68"
"208",="6894","衛司特","186","24Q2","2.11","-4.74","0.92","-2.1","0.54","-0.9","43.6","+1.18","26.3","+0.84","2.26","-0.02","4","-0.02","16","3.13","-0.02","12.5","81"
"759",="1713","國化","51.6","24Q2","1.53","+31.2","0.22","+100","3.4","+451","14.5","+4.98","222","+169","2.25","+1.84","11.2","+9.02","44.7","10.2","+8.22","41","62"
"296",="2439","美律","111","24Q2","103","+23.2","13.5","+28.9","4.92","+34.7","13.1","+0.58","5.58","+0.65","2.24","+0.54","3.98","+0.9","15.9","1.62","+0.38","6.47","43"
"47",="6957","裕慶-KY","245.5","24Q2","8.42","-14.5","3.1","-34.7","1.12","-49.7","36.8","-11.4","13.3","-9.33","2.23","-2.34","5.95","-8.99","23.8","2.98","-3.6","11.9","64"
"359",="8410","森田","78.9","24Q2","3.07","+33.8","1.3","+54.9","0.81","+13.1","42.2","+5.76","26.5","-4.87","2.23","+0.26","4.69","+0.47","18.8","3.5","+0.36","14","66"
"425",="6727","亞泰金屬","76.2","24Q2","3.96","+7.95","0.94","+28","0.6","+32.3","23.6","+3.71","15","+2.77","2.23","+0.41","4.93","+0.94","19.7","1.98","+0.43","7.92","50"
"869",="5202","力新","23.75","24Q2","0.41","+8.61","0.31","+5.51","1.98","+2823","75.6","-2.22","484","+466","2.23","+2.15","16.1","+15.5","64.2","14.9","+14.4","59.7","77"
"127",="2204","中華","69.6","24Q2","116","-5.11","18.4","-3.79","12.1","-3.71","15.8","+0.22","10.9","+0.23","2.21","-0.08","3.3","-0.08","13.2","2.42","-0.14","9.68","53"
"145",="1707","葡萄王","150.5","24Q2","27.6","+17.5","21.6","+23","3.28","+27.1","78.4","+3.51","17.6","+1.07","2.21","+0.47","4.24","+0.96","17","3.17","+0.67","12.7","70"
"333",="1777","生泰","96.1","24Q2","3.43","+27.2","1.44","+37.1","0.99","+12.8","41.9","+3.03","28.7","-3.65","2.21","+0.25","4.29","+0.46","17.2","3.51","+0.46","14","79"
"397",="6231","系微","499.5","24Q2","4.03","+8.59","3.19","+7.7","0.84","+17","79.2","-0.66","20.9","+1.5","2.21","+0.32","8.92","+0.96","35.7","5.61","+0.43","22.4","78"
"330",="9914","美利達","198","24Q2","93.2","+59.5","18.1","+62.1","6.56","+57.7","19.4","+0.32","7.57","+0.16","2.19","+0.8","3.14","+1.19","12.6","1.72","+0.61","6.88","43"
"449",="9958","世紀鋼","213.5","24Q2","30.3","-3.67","9.86","-17.1","5.63","-13.5","32.5","-5.25","22.5","-4.79","2.19","-0.47","3.81","-1.86","15.2","1.83","-0.6","7.31","62"
"465",="3376","新日興","192.5","24Q2","34.8","+20.4","6.49","+26.1","4.1","+30.3","18.6","+0.83","11.8","+0.89","2.18","+0.5","2.59","+0.6","10.4","1.84","+0.39","7.37","49"
"226",="3515","華擎","201","24Q2","52.2","+5.48","11.8","+16.4","2.64","-14.2","22.5","+2.12","6.66","-0.33","2.17","-0.36","3.98","+0.01","15.9","2.24","-0.11","8.94","45"
"464",="6143","振曜","142.5","24Q2","19.8","+47.8","4.14","+43.7","1.87","+43.5","20.9","-0.6","12.1","-1.09","2.17","+0.66","5.82","+1.28","23.3","3.39","+0.72","13.5","57"
"508",="6761","穩得","98.9","24Q2","5.19","+4.91","1.7","+14.9","0.62","+54.4","32.8","+2.86","12","+3.84","2.17","+0.68","4.83","+1.35","19.3","2.66","+0.76","10.7","57"
"911",="4109","加捷生醫","26.2","24Q2","1.51","-5.5","0.49","-4.39","2.15","+1513","32.2","+0.37","143","+134","2.17","+2.03","16.9","+15.6","67.5","14.6","+13.6","58.5","79"
"1551",="4113","聯上","32.35","24Q2","22.9","+83.9","7.38","+140","4.59","+328","32.3","+7.51","20.1","+11.4","2.17","+1.66","13.3","+9.92","53.2","3.22","+2.51","12.9","55"
"243",="6667","信紘科","208","24Q2","7.89","+22.9","1.84","+13.4","0.97","+15.9","23.4","-1.96","12.2","-0.85","2.16","+0.3","7","+1.1","28","2.61","+0.15","10.4","64"
"207",="9802","鈺齊-KY","117","24Q2","39.7","+49.1","7.29","+51.5","4.08","+44.6","18.4","+0.3","10.3","-0.35","2.14","+0.66","3.22","+0.95","12.9","2.1","+0.6","8.39","51"
"776",="4907","富宇","66.2","24Q2","28.9","+1279","4.54","+563","2.53","+709","15.7","-17","8.78","-6.19","2.14","+1.87","12.3","+10.7","49.1","2.55","+2.25","10.2","53"
"220",="8255","朋程","170","24Q2","19.2","+9.32","6.03","+30.8","2.16","-3.91","31.3","+5.13","12.1","-0.04","2.13","-0.09","2.3","+0.16","9.19","1.46","+0.09","5.86","57"
"238",="5609","中菲行","86.4","24Q2","67.2","+19.3","9.28","+6.72","2.97","+32.7","13.8","-1.62","4.39","+0.27","2.11","+0.53","5.06","+1.03","20.3","3.3","+0.71","13.2","50"
"347",="6271","同欣電","137.5","24Q2","30.7","+3.29","8.67","+5.87","4.41","+20.9","28.2","+0.69","14.4","+2.09","2.11","+0.37","1.79","+0.3","7.16","1.29","+0.21","5.16","62"
"350",="6651","全宇昕","98.2","24Q2","3.38","+12.4","1.22","+30.6","0.73","+10.4","36.1","+5.03","21.5","-0.4","2.11","+0.19","6.53","+0.6","26.1","4.1","+0.62","16.4","64"
"186",="2753","八方雲集","150.5","24Q2","19.1","-0.69","6.64","-3.48","1.39","-11.3","34.7","-1","7.02","-1.33","2.1","-0.26","3.95","-0.8","15.8","2.17","-0.46","8.69","62"
"316",="4938","和碩","102.5","24Q2","2,537","+1.32","116","+9.59","55.9","+71.5","4.57","+0.34","2.45","+0.94","2.1","+0.88","2.75","+1.04","11","1.15","+0.45","4.59","40"
"446",="8476","台境","55.3","24Q2","5.94","+85.4","2.61","+188","1.74","+308","43.9","+15.7","29.5","+16.1","2.09","+1.57","8.85","+6.65","35.4","5.63","+4.13","22.5","85"
"600",="4569","六方科-KY","231.5","24Q2","3.33","-5","0.81","+3.51","0.65","-29.7","24.5","+2.01","19.4","-6.82","2.09","-0.87","2.51","-1.06","10","2.18","-1.03","8.73","64"
"1717",="6446","藥華藥","627","24Q2","23.1","+39.5","20.1","+37.4","6.8","+106","87","-1.34","29.5","+9.49","2.09","+1.09","2.73","+1.37","10.9","2.45","+1.24","9.81","79"
"317",="5306","桂盟","139","24Q2","13.6","+23.3","5.53","+35.1","2.62","+72.5","40.7","+3.58","19.3","+5.51","2.08","+0.87","3.27","+1.32","13.1","2.11","+0.86","8.44","70"
"245",="4438","廣越","104","24Q2","41.3","+74.6","6.81","+292","2.14","+285","16.5","+9.15","5.92","+9.77","2.07","+3.19","2.47","+3.38","9.88","1.36","+1.92","5.42","43"
"398",="8924","大田","82.6","24Q2","14","+39.4","2.34","+32.4","1.72","+75.7","16.7","-0.88","12.3","+2.54","2.06","+0.89","4.45","+1.86","17.8","3.13","+1.3","12.5","60"
"415",="8342","益張","89.3","24Q2","4.18","+9.17","1.09","+12","0.69","+5.26","26.2","+0.66","16.5","-0.7","2.06","+0.11","7.05","+0.28","28.2","4.06","+0.23","16.2","62"
"453",="6807","峰源-KY","75.4","24Q2","11.7","+17.2","2.14","+16.5","1.11","+18","18.3","-0.12","9.55","+0.07","2.06","+0.31","5.17","+0.67","20.7","3.25","+0.36","13","60"
"495",="2492","華新科","104","24Q2","88.9","+9.08","17.3","+20.2","10","+61.9","19.4","+1.8","14.3","+3.98","2.06","+0.79","2.15","+0.7","8.62","1.29","+0.41","5.16","45"
"531",="1558","伸興","108.5","24Q2","20.6","+14.3","6.12","+21.8","1.37","+44.8","29.7","+1.83","12.9","+1.77","2.06","+0.64","3.01","+0.74","12.1","2.08","+0.45","8.33","60"
"604",="2882","國泰金","68","24Q2","715","-38.6","","","337","-11.7","","","47.7","+15.5","2.06","-0.54","3.86","-0.62","15.5","0.26","-0.03","1.04","76"
"1138",="1446","宏和","43.95","24Q2","7.45","+3.86","3.65","+0.32","2.82","-3.7","49","-1.73","37.9","-2.97","2.05","-0.08","14.8","-2.79","59.2","6.61","+0.16","26.4","77"
"129",="6291","沛亨","106.5","24Q2","4.15","+9.34","1.47","+11.9","0.86","+1.95","35.5","+0.8","20.7","-1.52","2.04","+0.03","6.14","+0.44","24.6","4.13","+0.07","16.5","70"
"483",="4912","聯德控股-KY","96.6","24Q2","15.4","+30.1","3.8","+42","1.27","+138","24.7","+2.07","8.69","+4.14","2.04","+1.19","3.57","+2.08","14.3","1.74","+1.01","6.96","49"
"1085",="6510","精測","557","24Q2","7.23","+6.98","3.79","+10.3","0.67","+378","52.4","+1.57","8","+6.94","2.04","+1.61","0.76","+0.66","3.04","0.7","+0.61","2.8","66"
"71",="6613","朋億*","173.5","24Q2","23.7","+5.31","5.62","+3.71","1.52","-37.8","23.8","-0.37","7.47","-4.76","2.03","-1.25","3.68","-2.2","14.7","1.68","-0.98","6.74","51"
"354",="6753","龍德造船","114.5","24Q2","12.7","+11.8","3.92","+7.1","2.17","-15","30.8","-1.34","17","-5.35","2.01","-0.36","6.43","-1.64","25.7","2.33","-0.52","9.32","64"
"108",="9942","茂順","114.5","24Q2","9.87","+3.23","4.1","+7.17","1.66","-12","41.5","+1.52","16.9","-2.92","2","-0.27","4.18","-0.46","16.7","3.05","-0.48","12.2","62"
"247",="2640","大車隊","114.5","24Q2","7.44","+2.03","3.39","-2.44","1.19","+3.37","45.5","-2.09","15.7","+0.16","2","+0.06","6.44","+0.4","25.8","3.21","-0.01","12.9","70"
"477",="4933","友輝","68.1","24Q2","7.23","+18.3","2.32","+35.5","1.63","+2.67","32.1","+4.08","22.5","-3.42","2","+0.05","4.81","+0.06","19.3","3.56","-0.05","14.3","72"
"163",="8499","鼎炫-KY","115","24Q2","5.25","+27.5","1.92","+16.4","0.83","-17.8","36.6","-3.5","19.9","-11.4","1.99","-0.43","0.95","-0.24","3.8","0.88","-0.24","3.51","66"
"240",="5903","全家","187","24Q2","261","+5.1","95.7","+7.2","4.44","+70","36.6","+0.71","1.83","+0.68","1.99","+0.82","6.14","+2.62","24.6","0.64","+0.26","2.54","55"
"334",="3163","波若威","172","24Q2","4.59","-16.3","0.72","-27","1.6","+18.1","15.7","-2.3","34.8","+10.1","1.98","+0.3","6.2","+0.91","24.8","4.47","+0.66","17.9","70"
"181",="6579","研揚","145.5","24Q2","19.2","+6.47","7.19","+17.4","2.35","-45.2","37.5","+3.48","14.7","-11.7","1.97","-1.64","2.3","-1.54","9.21","1.82","-1.39","7.27","62"
"438",="6922","宸曜","150","24Q2","3.52","+3.89","1.57","+3.33","0.51","-12.2","44.6","-0.24","14.3","-2.62","1.97","-0.28","5.93","-0.92","23.7","3.24","-1.66","13","66"
"473",="3030","德律","137","24Q2","17.3","+14.3","10","+11.3","4.66","+2.37","58.1","-1.56","27","-3.15","1.97","+0.04","6.21","+0.08","24.8","4.59","-0.27","18.4","79"
"197",="2066","世德","100","24Q2","7.11","-3.75","2.46","-2.97","0.82","-31.7","34.6","+0.28","11.6","-4.75","1.96","-0.94","4.15","-2.27","16.6","2.14","-1.16","8.54","57"
"324",="6464","台數科","80","24Q2","10.5","-1.58","5.52","+4.33","2.48","+8.17","52.5","+2.97","24.6","+2.43","1.96","+0.16","3.13","+0.3","12.5","1.38","+0.11","5.51","64"
"321",="3357","臺慶科","130.5","24Q2","13.7","+16.9","3.27","+23.6","1.99","+37.3","23.9","+1.31","14.5","+2.16","1.95","+0.53","2.91","+0.76","11.7","1.73","+0.44","6.94","60"
"308",="8091","翔名","154","24Q2","5.17","+7.15","1.82","+6.28","0.93","-11","35.1","-0.29","18","-3.58","1.93","-0.24","3.08","-0.35","12.3","2.19","-0.22","8.76","66"
"356",="3032","偉訓","65.2","24Q2","17.8","-12","3.9","-8.41","2.16","+37.7","21.9","+0.85","14.2","+5.17","1.92","+0.52","5.78","+1.57","23.1","3.16","+0.98","12.6","55"
"171",="2211","長榮鋼","109.5","24Q2","33.4","+17.3","10.3","+25.7","7.96","+64.9","30.8","+2.04","25.6","+5.75","1.91","+0.75","2.98","+0.98","11.9","2.21","+0.67","8.84","60"
"431",="4987","科誠","71.4","24Q2","3.33","+31.1","1.46","+44.1","0.61","+107","43.9","+3.96","18.3","+6.73","1.91","+0.99","5.77","+3","23.1","4.12","+2.04","16.5","73"
"332",="4974","亞泰","96.8","24Q2","11","+28.1","1.75","+22.3","1.38","+20.4","16","-0.76","12.6","-0.81","1.9","+0.32","4.57","+0.72","18.3","3.11","+0.3","12.4","57"
"236",="5236","凌陽創新","176.5","24Q2","4.07","+11.7","2.48","+4.65","1.1","-2.39","61.1","-4.14","27.1","-3.93","1.89","-0.05","4.84","+0.07","19.3","3.58","-0.22","14.3","77"
"268",="2387","精元","55.6","24Q2","60.3","+20.3","10.7","+57.9","3.66","+60.5","17.7","+4.21","6.01","+1.74","1.89","+0.71","3.35","+1.35","13.4","1.78","+0.7","7.11","49"
"293",="3005","神基","111.5","24Q2","86.5","-0.59","28.3","+6.61","11.5","+4.63","32.7","+2.21","14.1","+0.6","1.89","+0.08","5.22","+0.14","20.9","2.87","+0.1","11.5","64"
"300",="6672","騰輝電子-KY","69","24Q2","11.2","+4.18","3.74","+0.22","1.34","+50.7","33.4","-1.32","12","+3.71","1.89","+0.64","4.13","+1.34","16.5","2.68","+0.83","10.7","57"
"697",="2230","泰茂","165.5","24Q2","2.97","+6.32","1.31","+10","0.99","+3.35","44.2","+1.49","33.1","-0.91","1.89","+0.02","9.17","-0.66","36.7","5.65","-0.43","22.6","81"
"235",="2480","敦陽科","126","24Q2","17.9","+1.9","4.73","+6.04","2.01","-2.76","26.5","+1.03","11.2","-0.54","1.88","-0.06","6.89","+0.09","27.6","3.02","-0.08","12.1","55"
"180",="4953","緯軟","117","24Q2","25.2","+4.34","4.45","+5.09","1.36","+1.4","17.6","+0.13","5.38","-0.16","1.87","+0.02","3.7","+0.01","14.8","2.48","-0.03","9.94","44"
"183",="5403","中菲","115","24Q2","7.47","+6.04","2.98","+9.01","1.37","+9.21","39.9","+1.09","18.3","+0.53","1.87","+0.16","6.25","+0.73","25","3.05","+0.23","12.2","64"
"304",="6214","精誠","127","24Q2","89.1","-12.6","20.8","+2.67","4.66","-28.8","23.4","+3.47","5.42","-1.32","1.87","-0.76","3.14","-1.37","12.6","1.6","-0.66","6.4","49"
"313",="9927","泰銘","67.2","24Q2","22.1","+4.76","3.86","+25.8","3.13","-2.5","17.5","+2.93","14.2","-1.05","1.87","-0.05","5.22","-0.04","20.9","4.09","-0.15","16.4","66"
"336",="2472","立隆電","74.7","24Q2","27.4","+25","8.36","+35.7","3.09","+27.2","30.5","+2.41","16.1","-0.3","1.87","+0.4","3.99","+0.67","16","2.84","+0.45","11.4","64"
"507",="3226","至寶電","51.7","24Q2","6.37","+12.4","1.68","+11.6","1.2","+3.67","26.4","-0.19","18.9","-1.59","1.87","+0.07","7.03","-0.18","28.1","4.65","-0.12","18.6","64"
